-0.0025,0.08
-0.00249,0.08
-0.00248,0.08
-0.00247,0.08
-0.00246,0.08
-0.00245,0.08
-0.00244,0.04
-0.00243,0.08
-0.00242,0.04
-0.00241,0.08
-0.0024,0.08
-0.00239,0.08
-0.00238,0.04
-0.00237,0.08
-0.00236,0.04
-0.00235,0.04
-0.00234,0.08
-0.00233,0.08
-0.00232,0.08
-0.00231,0.08
-0.0023,0.08
-0.00229,0.08
-0.00228,0.08
-0.00227,0.04
-0.00226,0.04
-0.00225,0.08
-0.00224,0.08
-0.00223,0.04
-0.00222,0.08
-0.00221,0.04
-0.0022,0.08
-0.00219,0.08
-0.00218,0.04
-0.00217,0.04
-0.00216,0.08
-0.00215,0.04
-0.00214,0.08
-0.00213,0.04
-0.00212,0.04
-0.00211,0.04
-0.0021,0.04
-0.00209,0.04
-0.00208,0.08
-0.00207,0.08
-0.00206,0.08
-0.00205,0.08
-0.00204,0.08
-0.00203,0.04
-0.00202,0.04
-0.00201,0.08
-0.002,0.08
-0.00199,0.08
-0.00198,0.08
-0.00197,0.08
-0.00196,0.08
-0.00195,0.04
-0.00194,0.08
-0.00193,0.04
-0.00192,0.04
-0.00191,0.08
-0.0019,0.08
-0.00189,0.08
-0.00188,0.04
-0.00187,0.08
-0.00186,0.08
-0.00185,0.08
-0.00184,0.08
-0.00183,0.08
-0.00182,0.04
-0.00181,0.08
-0.0018,0.04
-0.00179,0.08
-0.00178,0.04
-0.00177,0.08
-0.00176,0.04
-0.00175,0.08
-0.00174,0.08
-0.00173,0.08
-0.00172,0.08
-0.00171,0.08
-0.0017,0.04
-0.00169,0.04
-0.00168,0.08
-0.00167,0.08
-0.00166,0.04
-0.00165,0.04
-0.00164,0.08
-0.00163,0.08
-0.00162,0.08
-0.00161,0.04
-0.0016,0.04
-0.00159,0.04
-0.00158,0.04
-0.00157,0.08
-0.00156,0.04
-0.00155,0.04
-0.00154,0.04
-0.00153,0.08
-0.00152,0.08
-0.00151,0.08
-0.0015,0.08
-0.00149,0.08
-0.00148,0.08
-0.00147,0.04
-0.00146,0.08
-0.00145,0.08
-0.00144,0.08
-0.00143,0.08
-0.00142,0.08
-0.00141,0.04
-0.0014,0.04
-0.00139,0.08
-0.00138,0.08
-0.00137,0.08
-0.00136,0.04
-0.00135,0.08
-0.00134,0.04
-0.00133,0.04
-0.00132,0.08
-0.00131,0.08
-0.0013,0.08
-0.00129,0.08
-0.00128,0.08
-0.00127,0.08
-0.00126,0.08
-0.00125,0.08
-0.00124,0.04
-0.00123,0.04
-0.00122,0.04
-0.00121,0.08
-0.0012,0.08
-0.00119,0.08
-0.00118,0.08
-0.00117,0.08
-0.00116,0.04
-0.00115,0.08
-0.00114,0.08
-0.00113,0.08
-0.00112,0.04
-0.00111,0.08
-0.0011,0.08
-0.00109,0.08
-0.00108,0.08
-0.00107,0.08
-0.00106,0.08
-0.00105,0.08
-0.00104,0.08
-0.00103,0.04
-0.00102,0.08
-0.00101,0.08
-0.001,0.08
-0.00099,0.08
-0.00098,0.04
-0.00097,0.08
-0.00096,0.08
-0.00095,0.04
-0.00094,0.04
-0.00093,0.08
-0.00092,0.04
-0.00091,0.08
-0.0009,0.04
-0.00089,0.04
-0.00088,0.08
-0.00087,0.08
-0.00086,0.08
-0.00085,0.08
-0.00084,0.08
-0.00083,0.04
-0.00082,0.08
-0.00081,0.04
-0.0008,0.04
-0.00079,0.04
-0.00078,0.08
-0.00077,0.04
-0.00076,0.08
-0.00075,0.08
-0.00074,0.08
-0.00073,0.08
-0.00072,0.04
-0.00071,0.04
-0.0007,0.08
-0.00069,0.08
-0.00068,0.04
-0.00067,0.08
-0.00066,0.04
-0.00065,0.08
-0.00064,0.08
-0.00063,0.08
-0.00062,0.08
-0.00061,0.08
-0.0006,0.04
-0.00059,0.08
-0.00058,0.04
-0.00057,0.04
-0.00056,0.04
-0.00055,0.08
-0.00054,0.08
-0.00053,0.08
-0.00052,0.08
-0.00051,0.08
-0.0005,0.04
-0.00049,0.08
-0.00048,0.08
-0.00047,0.04
-0.00046,0.08
-0.00045,0.04
-0.00044,0.08
-0.00043,0.08
-0.00042,0.08
-0.00041,0.08
-0.0004,0.08
-0.00039,0.08
-0.00038,0.04
-0.00037,0.08
-0.00036,0.08
-0.00035,0.08
-0.00034,0.04
-0.00033,0.08
-0.00032,0.08
-0.00031,0.08
-0.0003,0.08
-0.00029,0.08
-0.00028,0.08
-0.00027,0.08
-0.00026,0.08
-0.00025,0.04
-0.00024,0.04
-0.00023,0.04
-0.00022,0.04
-0.00021,0.08
-0.0002,0.04
-0.00019,0.04
-0.00018,0.04
-0.00017,0.08
-0.00016,0.08
-0.00015,0.04
-0.00014,0.08
-0.00013,0.04
-0.00012,0.08
-0.00011,0.08
-0.0001,0.08
-9e-05,0.08
-8e-05,0.08
-7e-05,0.04
-6e-05,0.08
-5e-05,0.08
-4e-05,0.08
-3e-05,0.08
-2e-05,0.08
-1e-05,0.08
-0.0,0.04
1e-05,0.08
2e-05,0.08
3e-05,0.08
4e-05,0.08
5e-05,0.04
6e-05,0.08
7e-05,0.04
8e-05,0.08
9e-05,0.08
0.0001,0.04
0.00011,0.08
0.00012,0.08
0.00013,0.08
0.00014,0.08
0.00015,0.08
0.00016,0.04
0.00017,0.04
0.00018,0.08
0.00019,0.08
0.0002,0.08
0.00021,0.04
0.00022,0.08
0.00023,0.08
0.00024,0.08
0.00025,0.08
0.00026,0.08
0.00027,0.08
0.00028,0.08
0.00029,0.04
0.0003,0.08
0.00031,0.08
0.00032,0.08
0.00033,0.08
0.00034,0.08
0.00035,0.08
0.00036,0.04
0.00037,0.08
0.00038,0.04
0.00039,0.08
0.0004,0.08
0.00041,0.08
0.00042,0.08
0.00043,0.08
0.00044,0.08
0.00045,0.04
0.00046,0.08
0.00047,0.08
0.00048,0.04
0.00049,0.08
0.0005,0.08
0.00051,0.08
0.00052,0.08
0.00053,0.08
0.00054,0.04
0.00055,0.04
0.00056,0.08
0.00057,0.08
0.00058,0.08
0.00059,0.08
0.0006,0.08
0.00061,0.04
0.00062,0.08
0.00063,0.08
0.00064,0.08
0.00065,0.08
0.00066,0.08
0.00067,0.08
0.00068,0.08
0.00069,0.04
0.0007,0.08
0.00071,0.08
0.00072,0.08
0.00073,0.04
0.00074,0.04
0.00075,0.08
0.00076,0.08
0.00077,0.08
0.00078,0.08
0.00079,0.04
0.0008,0.08
0.00081,0.08
0.00082,0.08
0.00083,0.08
0.00084,0.08
0.00085,0.08
0.00086,0.08
0.00087,0.04
0.00088,0.08
0.00089,0.04
0.0009,0.08
0.00091,0.08
0.00092,0.08
0.00093,0.08
0.00094,0.08
0.00095,0.08
0.00096,0.08
0.00097,0.08
0.00098,0.08
0.00099,0.08
0.001,0.04
0.00101,0.08
0.00102,0.08
0.00103,0.04
0.00104,0.08
0.00105,0.08
0.00106,0.08
0.00107,0.08
0.00108,0.08
0.00109,0.08
0.0011,0.08
0.00111,0.08
0.00112,0.08
0.00113,0.08
0.00114,0.04
0.00115,0.08
0.00116,0.04
0.00117,0.08
0.00118,0.08
0.00119,0.08
0.0012,0.08
0.00121,0.08
0.00122,0.08
0.00123,0.08
0.00124,0.08
0.00125,0.08
0.00126,0.08
0.00127,0.08
0.00128,0.08
0.00129,0.04
0.0013,0.08
0.00131,0.08
0.00132,0.04
0.00133,0.08
0.00134,0.08
0.00135,0.08
0.00136,0.08
0.00137,0.08
0.00138,0.08
0.00139,0.04
0.0014,0.08
0.00141,0.08
0.00142,0.08
0.00143,0.08
0.00144,0.08
0.00145,0.08
0.00146,0.08
0.00147,0.08
0.00148,0.08
0.00149,0.08
0.0015,0.08
0.00151,0.08
0.00152,0.04
0.00153,0.08
0.00154,0.04
0.00155,0.08
0.00156,0.08
0.00157,0.08
0.00158,0.04
0.00159,0.08
0.0016,0.04
0.00161,0.08
0.00162,0.04
0.00163,0.08
0.00164,0.04
0.00165,0.04
0.00166,0.08
0.00167,0.08
0.00168,0.08
0.00169,0.04
0.0017,0.08
0.00171,0.08
0.00172,0.08
0.00173,0.08
0.00174,0.08
0.00175,0.04
0.00176,0.08
0.00177,0.04
0.00178,0.08
0.00179,0.08
0.0018,0.04
0.00181,0.08
0.00182,0.08
0.00183,0.08
0.00184,0.08
0.00185,0.08
0.00186,0.08
0.00187,0.08
0.00188,0.04
0.00189,0.08
0.0019,0.08
0.00191,0.08
0.00192,0.04
0.00193,0.08
0.00194,0.08
0.00195,0.08
0.00196,0.08
0.00197,0.04
0.00198,0.08
0.00199,0.04
0.002,0.08
0.00201,0.04
0.00202,0.04
0.00203,0.08
0.00204,0.08
0.00205,0.04
0.00206,0.08
0.00207,0.04
0.00208,0.04
0.00209,0.04
0.0021,0.08
0.00211,0.08
0.00212,0.08
0.00213,0.04
0.00214,0.08
0.00215,0.04
0.00216,0.04
0.00217,0.08
0.00218,0.08
0.00219,0.08
0.0022,0.04
0.00221,0.04
0.00222,0.08
0.00223,0.08
0.00224,0.04
0.00225,0.08
0.00226,0.04
0.00227,0.08
0.00228,0.08
0.00229,0.04
0.0023,0.04
0.00231,0.08
0.00232,0.04
0.00233,0.04
0.00234,0.08
0.00235,0.08
0.00236,0.04
0.00237,0.08
0.00238,0.08
0.00239,0.08
0.0024,0.08
0.00241,0.08
0.00242,0.08
0.00243,0.08
0.00244,0.04
0.00245,0.08
0.00246,0.08
0.00247,0.04
0.00248,0.08
0.00249,0.04
0.0025,0.08
0.00251,0.04
0.00252,0.04
0.00253,0.08
0.00254,0.08
0.00255,0.08
0.00256,0.04
0.00257,0.08
0.00258,0.08
0.00259,0.08
0.0026,0.08
0.00261,0.04
0.00262,0.08
0.00263,0.04
0.00264,0.08
0.00265,0.08
0.00266,0.04
0.00267,0.08
0.00268,0.04
0.00269,0.08
0.0027,0.08
0.00271,0.04
0.00272,0.04
0.00273,0.08
0.00274,0.08
0.00275,0.08
0.00276,0.08
0.00277,0.08
0.00278,0.04
0.00279,0.08
0.0028,0.08
0.00281,0.04
0.00282,0.08
0.00283,0.08
0.00284,0.08
0.00285,0.08
0.00286,0.08
0.00287,0.08
0.00288,0.08
0.00289,0.08
0.0029,0.04
0.00291,0.08
0.00292,0.08
0.00293,0.08
0.00294,0.08
0.00295,0.08
0.00296,0.04
0.00297,0.08
0.00298,0.08
0.00299,0.08
0.003,0.04
0.00301,0.08
0.00302,0.04
0.00303,0.04
0.00304,0.08
0.00305,0.08
0.00306,0.08
0.00307,0.08
0.00308,0.04
0.00309,0.08
0.0031,0.08
0.00311,0.08
0.00312,0.08
0.00313,0.04
0.00314,0.08
0.00315,0.08
0.00316,0.08
0.00317,0.04
0.00318,0.08
0.00319,0.08
0.0032,0.08
0.00321,0.04
0.00322,0.04
0.00323,0.08
0.00324,0.08
0.00325,0.04
0.00326,0.08
0.00327,0.08
0.00328,0.04
0.00329,0.08
0.0033,0.08
0.00331,0.08
0.00332,0.08
0.00333,0.04
0.00334,0.08
0.00335,0.08
0.00336,0.08
0.00337,0.04
0.00338,0.08
0.00339,0.04
0.0034,0.08
0.00341,0.08
0.00342,0.08
0.00343,0.08
0.00344,0.04
0.00345,0.04
0.00346,0.04
0.00347,0.04
0.00348,0.08
0.00349,0.04
0.0035,0.04
0.00351,0.08
0.00352,0.08
0.00353,0.08
0.00354,0.08
0.00355,0.04
0.00356,0.08
0.00357,0.08
0.00358,0.08
0.00359,0.08
0.0036,0.04
0.00361,0.08
0.00362,0.04
0.00363,0.04
0.00364,0.04
0.00365,0.04
0.00366,0.04
0.00367,0.04
0.00368,0.04
0.00369,0.04
0.0037,0.04
0.00371,0.04
0.00372,0.0
0.00373,0.04
0.00374,0.0
0.00375,0.0
0.00376,0.0
0.00377,0.0
0.00378,0.0
0.00379,-0.04
0.0038,0.0
0.00381,0.0
0.00382,-0.04
0.00383,-0.04
0.00384,-0.04
0.00385,-0.04
0.00386,-0.04
0.00387,-0.08
0.00388,-0.04
0.00389,-0.04
0.0039,-0.08
0.00391,-0.08
0.00392,-0.08
0.00393,-0.08
0.00394,-0.08
0.00395,-0.12
0.00396,-0.12
0.00397,-0.12
0.00398,-0.08
0.00399,-0.12
0.004,-0.12
0.00401,-0.16
0.00402,-0.16
0.00403,-0.16
0.00404,-0.16
0.00405,-0.16
0.00406,-0.16
0.00407,-0.2
0.00408,-0.2
0.00409,-0.2
0.0041,-0.2
0.00411,-0.2
0.00412,-0.24
0.00413,-0.24
0.00414,-0.24
0.00415,-0.24
0.00416,-0.28
0.00417,-0.24
0.00418,-0.28
0.00419,-0.28
0.0042,-0.28
0.00421,-0.32
0.00422,-0.32
0.00423,-0.32
0.00424,-0.32
0.00425,-0.36
0.00426,-0.36
0.00427,-0.36
0.00428,-0.36
0.00429,-0.4
0.0043,-0.44
0.00431,-0.44
0.00432,-0.44
0.00433,-0.48
0.00434,-0.48
0.00435,-0.48
0.00436,-0.48
0.00437,-0.52
0.00438,-0.52
0.00439,-0.52
0.0044,-0.52
0.00441,-0.56
0.00442,-0.56
0.00443,-0.56
0.00444,-0.56
0.00445,-0.6
0.00446,-0.6
0.00447,-0.6
0.00448,-0.64
0.00449,-0.64
0.0045,-0.68
0.00451,-0.68
0.00452,-0.68
0.00453,-0.72
0.00454,-0.72
0.00455,-0.72
0.00456,-0.76
0.00457,-0.76
0.00458,-0.8
0.00459,-0.8
0.0046,-0.8
0.00461,-0.8
0.00462,-0.8
0.00463,-0.84
0.00464,-0.84
0.00465,-0.84
0.00466,-0.88
0.00467,-0.88
0.00468,-0.88
0.00469,-0.92
0.0047,-0.92
0.00471,-0.92
0.00472,-0.92
0.00473,-0.96
0.00474,-0.96
0.00475,-0.96
0.00476,-1.0
0.00477,-1.0
0.00478,-1.04
0.00479,-1.04
0.0048,-1.04
0.00481,-1.04
0.00482,-1.08
0.00483,-1.08
0.00484,-1.12
0.00485,-1.12
0.00486,-1.12
0.00487,-1.16
0.00488,-1.16
0.00489,-1.16
0.0049,-1.16
0.00491,-1.2
0.00492,-1.2
0.00493,-1.24
0.00494,-1.24
0.00495,-1.24
0.00496,-1.24
0.00497,-1.24
0.00498,-1.28
0.00499,-1.28
0.005,-1.32
0.00501,-1.32
0.00502,-1.32
0.00503,-1.36
0.00504,-1.36
0.00505,-1.36
0.00506,-1.4
0.00507,-1.4
0.00508,-1.4
0.00509,-1.44
0.0051,-1.44
0.00511,-1.44
0.00512,-1.44
0.00513,-1.48
0.00514,-1.48
0.00515,-1.48
0.00516,-1.52
0.00517,-1.52
0.00518,-1.56
0.00519,-1.56
0.0052,-1.56
0.00521,-1.56
0.00522,-1.6
0.00523,-1.6
0.00524,-1.64
0.00525,-1.64
0.00526,-1.64
0.00527,-1.64
0.00528,-1.68
0.00529,-1.68
0.0053,-1.68
0.00531,-1.72
0.00532,-1.72
0.00533,-1.72
0.00534,-1.72
0.00535,-1.76
0.00536,-1.76
0.00537,-1.8
0.00538,-1.8
0.00539,-1.8
0.0054,-1.8
0.00541,-1.84
0.00542,-1.84
0.00543,-1.84
0.00544,-1.88
0.00545,-1.88
0.00546,-1.88
0.00547,-1.92
0.00548,-1.92
0.00549,-1.92
0.0055,-1.92
0.00551,-1.96
0.00552,-1.96
0.00553,-2.0
0.00554,-2.0
0.00555,-2.0
0.00556,-2.04
0.00557,-2.04
0.00558,-2.04
0.00559,-2.08
0.0056,-2.08
0.00561,-2.08
0.00562,-2.08
0.00563,-2.12
0.00564,-2.12
0.00565,-2.12
0.00566,-2.16
0.00567,-2.16
0.00568,-2.2
0.00569,-2.2
0.0057,-2.2
0.00571,-2.2
0.00572,-2.24
0.00573,-2.24
0.00574,-2.24
0.00575,-2.28
0.00576,-2.28
0.00577,-2.28
0.00578,-2.32
0.00579,-2.32
0.0058,-2.36
0.00581,-2.36
0.00582,-2.36
0.00583,-2.36
0.00584,-2.4
0.00585,-2.4
0.00586,-2.4
0.00587,-2.44
0.00588,-2.48
0.00589,-2.44
0.0059,-2.48
0.00591,-2.48
0.00592,-2.48
0.00593,-2.48
0.00594,-2.52
0.00595,-2.52
0.00596,-2.52
0.00597,-2.56
0.00598,-2.56
0.00599,-2.56
0.006,-2.56
0.00601,-2.6
0.00602,-2.6
0.00603,-2.64
0.00604,-2.64
0.00605,-2.64
0.00606,-2.68
0.00607,-2.68
0.00608,-2.68
0.00609,-2.68
0.0061,-2.72
0.00611,-2.72
0.00612,-2.72
0.00613,-2.76
0.00614,-2.76
0.00615,-2.76
0.00616,-2.8
0.00617,-2.8
0.00618,-2.8
0.00619,-2.84
0.0062,-2.84
0.00621,-2.84
0.00622,-2.84
0.00623,-2.88
0.00624,-2.88
0.00625,-2.88
0.00626,-2.92
0.00627,-2.92
0.00628,-2.92
0.00629,-2.96
0.0063,-2.96
0.00631,-2.96
0.00632,-3.0
0.00633,-3.0
0.00634,-3.0
0.00635,-3.0
0.00636,-3.04
0.00637,-3.04
0.00638,-3.08
0.00639,-3.08
0.0064,-3.08
0.00641,-3.12
0.00642,-3.12
0.00643,-3.12
0.00644,-3.12
0.00645,-3.16
0.00646,-3.16
0.00647,-3.16
0.00648,-3.2
0.00649,-3.2
0.0065,-3.2
0.00651,-3.2
0.00652,-3.24
0.00653,-3.24
0.00654,-3.28
0.00655,-3.28
0.00656,-3.28
0.00657,-3.28
0.00658,-3.32
0.00659,-3.32
0.0066,-3.32
0.00661,-3.36
0.00662,-3.36
0.00663,-3.36
0.00664,-3.4
0.00665,-3.4
0.00666,-3.4
0.00667,-3.44
0.00668,-3.44
0.00669,-3.44
0.0067,-3.44
0.00671,-3.48
0.00672,-3.48
0.00673,-3.48
0.00674,-3.48
0.00675,-3.52
0.00676,-3.56
0.00677,-3.56
0.00678,-3.56
0.00679,-3.6
0.0068,-3.6
0.00681,-3.6
0.00682,-3.64
0.00683,-3.64
0.00684,-3.64
0.00685,-3.64
0.00686,-3.68
0.00687,-3.68
0.00688,-3.68
0.00689,-3.72
0.0069,-3.72
0.00691,-3.72
0.00692,-3.76
0.00693,-3.76
0.00694,-3.76
0.00695,-3.76
0.00696,-3.76
0.00697,-3.8
0.00698,-3.8
0.00699,-3.8
0.007,-3.84
0.00701,-3.8
0.00702,-3.88
0.00703,-3.84
0.00704,-3.88
0.00705,-3.88
0.00706,-3.88
0.00707,-3.92
0.00708,-3.92
0.00709,-3.92
0.0071,-3.96
0.00711,-3.96
0.00712,-3.96
0.00713,-4.0
0.00714,-4.0
0.00715,-4.0
0.00716,-4.04
0.00717,-4.04
0.00718,-4.04
0.00719,-4.08
0.0072,-4.08
0.00721,-4.08
0.00722,-4.12
0.00723,-4.08
0.00724,-4.12
0.00725,-4.12
0.00726,-4.16
0.00727,-4.16
0.00728,-4.16
0.00729,-4.2
0.0073,-4.2
0.00731,-4.2
0.00732,-4.2
0.00733,-4.24
0.00734,-4.24
0.00735,-4.24
0.00736,-4.24
0.00737,-4.28
0.00738,-4.28
0.00739,-4.32
0.0074,-4.28
0.00741,-4.32
0.00742,-4.32
0.00743,-4.36
0.00744,-4.36
0.00745,-4.36
0.00746,-4.36
0.00747,-4.36
0.00748,-4.36
0.00749,-4.4
0.0075,-4.36
0.00751,-4.36
0.00752,-4.36
0.00753,-4.36
0.00754,-4.36
0.00755,-4.36
0.00756,-4.36
0.00757,-4.36
0.00758,-4.32
0.00759,-4.32
0.0076,-4.36
0.00761,-4.36
0.00762,-4.32
0.00763,-4.32
0.00764,-4.32
0.00765,-4.32
0.00766,-4.32
0.00767,-4.32
0.00768,-4.32
0.00769,-4.32
0.0077,-4.32
0.00771,-4.32
0.00772,-4.32
0.00773,-4.32
0.00774,-4.32
0.00775,-4.32
0.00776,-4.32
0.00777,-4.32
0.00778,-4.32
0.00779,-4.32
0.0078,-4.32
0.00781,-4.32
0.00782,-4.32
0.00783,-4.32
0.00784,-4.32
0.00785,-4.32
0.00786,-4.32
0.00787,-4.32
0.00788,-4.32
0.00789,-4.28
0.0079,-4.32
0.00791,-4.32
0.00792,-4.28
0.00793,-4.32
0.00794,-4.32
0.00795,-4.28
0.00796,-4.32
0.00797,-4.28
0.00798,-4.28
0.00799,-4.28
0.008,-4.28
0.00801,-4.28
0.00802,-4.28
0.00803,-4.32
0.00804,-4.28
0.00805,-4.28
0.00806,-4.28
0.00807,-4.28
0.00808,-4.28
0.00809,-4.28
0.0081,-4.28
0.00811,-4.32
0.00812,-4.28
0.00813,-4.28
0.00814,-4.28
0.00815,-4.28
0.00816,-4.32
0.00817,-4.28
0.00818,-4.28
0.00819,-4.28
0.0082,-4.28
0.00821,-4.28
0.00822,-4.28
0.00823,-4.28
0.00824,-4.28
0.00825,-4.28
0.00826,-4.28
0.00827,-4.28
0.00828,-4.28
0.00829,-4.28
0.0083,-4.24
0.00831,-4.28
0.00832,-4.28
0.00833,-4.28
0.00834,-4.24
0.00835,-4.24
0.00836,-4.28
0.00837,-4.24
0.00838,-4.24
0.00839,-4.24
0.0084,-4.28
0.00841,-4.24
0.00842,-4.24
0.00843,-4.24
0.00844,-4.24
0.00845,-4.24
0.00846,-4.24
0.00847,-4.24
0.00848,-4.24
0.00849,-4.24
0.0085,-4.24
0.00851,-4.24
0.00852,-4.24
0.00853,-4.24
0.00854,-4.24
0.00855,-4.24
0.00856,-4.24
0.00857,-4.24
0.00858,-4.24
0.00859,-4.24
0.0086,-4.24
0.00861,-4.24
0.00862,-4.2
0.00863,-4.24
0.00864,-4.2
0.00865,-4.2
0.00866,-4.2
0.00867,-4.24
0.00868,-4.2
0.00869,-4.2
0.0087,-4.2
0.00871,-4.24
0.00872,-4.24
0.00873,-4.2
0.00874,-4.2
0.00875,-4.24
0.00876,-4.2
0.00877,-4.2
0.00878,-4.2
0.00879,-4.2
0.0088,-4.2
0.00881,-4.2
0.00882,-4.2
0.00883,-4.2
0.00884,-4.2
0.00885,-4.2
0.00886,-4.2
0.00887,-4.2
0.00888,-4.2
0.00889,-4.2
0.0089,-4.2
0.00891,-4.2
0.00892,-4.2
0.00893,-4.2
0.00894,-4.2
0.00895,-4.2
0.00896,-4.16
0.00897,-4.2
0.00898,-4.2
0.00899,-4.2
0.009,-4.2
0.00901,-4.2
0.00902,-4.2
0.00903,-4.2
0.00904,-4.2
0.00905,-4.2
0.00906,-4.2
0.00907,-4.2
0.00908,-4.2
0.00909,-4.2
0.0091,-4.2
0.00911,-4.2
0.00912,-4.2
0.00913,-4.2
0.00914,-4.2
0.00915,-4.16
0.00916,-4.2
0.00917,-4.2
0.00918,-4.16
0.00919,-4.2
0.0092,-4.2
0.00921,-4.16
0.00922,-4.16
0.00923,-4.2
0.00924,-4.2
0.00925,-4.16
0.00926,-4.16
0.00927,-4.16
0.00928,-4.16
0.00929,-4.16
0.0093,-4.16
0.00931,-4.16
0.00932,-4.16
0.00933,-4.16
0.00934,-4.2
0.00935,-4.16
0.00936,-4.16
0.00937,-4.2
0.00938,-4.16
0.00939,-4.16
0.0094,-4.12
0.00941,-4.16
0.00942,-4.16
0.00943,-4.16
0.00944,-4.16
0.00945,-4.12
0.00946,-4.12
0.00947,-4.16
0.00948,-4.16
0.00949,-4.16
0.0095,-4.16
0.00951,-4.12
0.00952,-4.12
0.00953,-4.12
0.00954,-4.12
0.00955,-4.12
0.00956,-4.16
0.00957,-4.12
0.00958,-4.12
0.00959,-4.12
0.0096,-4.12
0.00961,-4.12
0.00962,-4.12
0.00963,-4.12
0.00964,-4.12
0.00965,-4.12
0.00966,-4.12
0.00967,-4.12
0.00968,-4.12
0.00969,-4.12
0.0097,-4.12
0.00971,-4.12
0.00972,-4.12
0.00973,-4.12
0.00974,-4.12
0.00975,-4.12
0.00976,-4.12
0.00977,-4.08
0.00978,-4.12
0.00979,-4.08
0.0098,-4.12
0.00981,-4.08
0.00982,-4.12
0.00983,-4.08
0.00984,-4.08
0.00985,-4.12
0.00986,-4.12
0.00987,-4.08
0.00988,-4.08
0.00989,-4.08
0.0099,-4.08
0.00991,-4.12
0.00992,-4.08
0.00993,-4.08
0.00994,-4.08
0.00995,-4.08
0.00996,-4.08
0.00997,-4.08
0.00998,-4.08
0.00999,-4.08
0.01,-4.08
0.01001,-4.08
0.01002,-4.08
0.01003,-4.08
0.01004,-4.08
0.01005,-4.08
0.01006,-4.08
0.01007,-4.08
0.01008,-4.08
0.01009,-4.08
0.0101,-4.08
0.01011,-4.08
0.01012,-4.08
0.01013,-4.08
0.01014,-4.08
0.01015,-4.08
0.01016,-4.08
0.01017,-4.08
0.01018,-4.08
0.01019,-4.08
0.0102,-4.08
0.01021,-4.08
0.01022,-4.08
0.01023,-4.08
0.01024,-4.08
0.01025,-4.08
0.01026,-4.08
0.01027,-4.08
0.01028,-4.04
0.01029,-4.08
0.0103,-4.08
0.01031,-4.08
0.01032,-4.08
0.01033,-4.04
0.01034,-4.08
0.01035,-4.08
0.01036,-4.08
0.01037,-4.04
0.01038,-4.08
0.01039,-4.04
0.0104,-4.08
0.01041,-4.04
0.01042,-4.08
0.01043,-4.04
0.01044,-4.04
0.01045,-4.04
0.01046,-4.04
0.01047,-4.04
0.01048,-4.08
0.01049,-4.04
0.0105,-4.04
0.01051,-4.04
0.01052,-4.04
0.01053,-4.04
0.01054,-4.04
0.01055,-4.04
0.01056,-4.04
0.01057,-4.04
0.01058,-4.04
0.01059,-4.08
0.0106,-4.04
0.01061,-4.04
0.01062,-4.04
0.01063,-4.08
0.01064,-4.04
0.01065,-4.04
0.01066,-4.04
0.01067,-4.04
0.01068,-4.04
0.01069,-4.04
0.0107,-4.04
0.01071,-4.04
0.01072,-4.0
0.01073,-4.04
0.01074,-4.04
0.01075,-4.04
0.01076,-4.04
0.01077,-4.04
0.01078,-4.04
0.01079,-4.04
0.0108,-4.04
0.01081,-4.04
0.01082,-4.04
0.01083,-4.04
0.01084,-4.04
0.01085,-4.04
0.01086,-4.04
0.01087,-4.04
0.01088,-4.04
0.01089,-4.04
0.0109,-4.04
0.01091,-4.0
0.01092,-4.0
0.01093,-4.0
0.01094,-4.04
0.01095,-4.04
0.01096,-4.04
0.01097,-4.0
0.01098,-4.0
0.01099,-4.0
0.011,-4.04
0.01101,-4.0
0.01102,-4.0
0.01103,-4.0
0.01104,-4.04
0.01105,-4.0
0.01106,-4.0
0.01107,-4.0
0.01108,-4.04
0.01109,-4.0
0.0111,-4.0
0.01111,-4.04
0.01112,-4.0
0.01113,-4.04
0.01114,-4.04
0.01115,-4.0
0.01116,-4.04
0.01117,-4.0
0.01118,-4.0
0.01119,-4.0
0.0112,-4.04
0.01121,-4.0
0.01122,-4.04
0.01123,-4.0
0.01124,-4.0
0.01125,-4.0
0.01126,-4.0
0.01127,-4.0
0.01128,-4.04
0.01129,-4.0
0.0113,-4.0
0.01131,-4.0
0.01132,-4.0
0.01133,-4.0
0.01134,-4.0
0.01135,-4.0
0.01136,-4.0
0.01137,-4.0
0.01138,-4.0
0.01139,-4.0
0.0114,-4.0
0.01141,-4.0
0.01142,-4.0
0.01143,-4.0
0.01144,-4.0
0.01145,-4.0
0.01146,-4.0
0.01147,-4.0
0.01148,-4.0
0.01149,-4.0
0.0115,-4.0
0.01151,-4.0
0.01152,-4.0
0.01153,-4.0
0.01154,-4.0
0.01155,-4.0
0.01156,-4.0
0.01157,-4.0
0.01158,-4.0
0.01159,-4.0
0.0116,-4.0
0.01161,-4.0
0.01162,-4.0
0.01163,-4.0
0.01164,-3.96
0.01165,-4.0
0.01166,-4.0
0.01167,-3.96
0.01168,-4.0
0.01169,-4.0
0.0117,-4.0
0.01171,-4.0
0.01172,-4.0
0.01173,-3.96
0.01174,-3.96
0.01175,-3.96
0.01176,-4.0
0.01177,-3.96
0.01178,-4.0
0.01179,-3.96
0.0118,-3.96
0.01181,-4.0
0.01182,-4.0
0.01183,-3.96
0.01184,-3.96
0.01185,-4.0
0.01186,-3.96
0.01187,-4.0
0.01188,-4.0
0.01189,-4.0
0.0119,-3.96
0.01191,-3.96
0.01192,-3.96
0.01193,-3.96
0.01194,-3.96
0.01195,-3.96
0.01196,-4.0
0.01197,-3.96
0.01198,-3.96
0.01199,-3.96
0.012,-3.96
0.01201,-3.96
0.01202,-3.96
0.01203,-4.0
0.01204,-3.96
0.01205,-3.96
0.01206,-3.96
0.01207,-3.96
0.01208,-3.96
0.01209,-3.96
0.0121,-3.96
0.01211,-4.0
0.01212,-3.96
0.01213,-3.96
0.01214,-3.96
0.01215,-3.96
0.01216,-3.96
0.01217,-3.96
0.01218,-3.96
0.01219,-3.96
0.0122,-3.96
0.01221,-3.96
0.01222,-3.96
0.01223,-3.96
0.01224,-3.96
0.01225,-3.96
0.01226,-3.96
0.01227,-3.96
0.01228,-4.0
0.01229,-3.96
0.0123,-3.96
0.01231,-3.96
0.01232,-3.96
0.01233,-3.96
0.01234,-3.96
0.01235,-3.96
0.01236,-3.96
0.01237,-3.96
0.01238,-3.96
0.01239,-3.96
0.0124,-3.96
0.01241,-3.96
0.01242,-3.96
0.01243,-3.96
0.01244,-3.96
0.01245,-3.96
0.01246,-3.96
0.01247,-3.96
0.01248,-3.96
0.01249,-3.96
0.0125,-3.96
0.01251,-3.96
0.01252,-3.96
0.01253,-3.96
0.01254,-3.96
0.01255,-3.96
0.01256,-3.96
0.01257,-3.96
0.01258,-3.96
0.01259,-3.96
0.0126,-3.96
0.01261,-3.96
0.01262,-3.96
0.01263,-3.96
0.01264,-3.96
0.01265,-3.96
0.01266,-3.96
0.01267,-3.96
0.01268,-3.96
0.01269,-3.96
0.0127,-3.96
0.01271,-3.96
0.01272,-3.96
0.01273,-3.96
0.01274,-3.96
0.01275,-3.96
0.01276,-3.96
0.01277,-3.96
0.01278,-3.96
0.01279,-3.96
0.0128,-3.96
0.01281,-3.96
0.01282,-3.96
0.01283,-3.96
0.01284,-3.96
0.01285,-3.96
0.01286,-3.96
0.01287,-3.96
0.01288,-3.96
0.01289,-3.96
0.0129,-3.96
0.01291,-4.0
0.01292,-3.96
0.01293,-3.96
0.01294,-3.96
0.01295,-3.96
0.01296,-3.96
0.01297,-3.96
0.01298,-3.96
0.01299,-3.96
0.013,-4.0
0.01301,-3.96
0.01302,-3.96
0.01303,-3.96
0.01304,-4.0
0.01305,-3.96
0.01306,-3.96
0.01307,-3.96
0.01308,-3.96
0.01309,-3.96
0.0131,-3.96
0.01311,-3.96
0.01312,-3.96
0.01313,-3.96
0.01314,-3.96
0.01315,-3.96
0.01316,-3.96
0.01317,-3.96
0.01318,-3.96
0.01319,-4.0
0.0132,-3.96
0.01321,-3.96
0.01322,-3.96
0.01323,-3.96
0.01324,-3.96
0.01325,-3.96
0.01326,-3.96
0.01327,-3.96
0.01328,-3.96
0.01329,-3.96
0.0133,-3.96
0.01331,-3.96
0.01332,-3.96
0.01333,-3.96
0.01334,-3.96
0.01335,-4.0
0.01336,-3.96
0.01337,-3.96
0.01338,-3.96
0.01339,-3.96
0.0134,-3.96
0.01341,-3.96
0.01342,-3.96
0.01343,-3.96
0.01344,-3.96
0.01345,-3.96
0.01346,-3.96
0.01347,-3.96
0.01348,-3.96
0.01349,-3.96
0.0135,-3.96
0.01351,-3.96
0.01352,-3.96
0.01353,-3.96
0.01354,-3.96
0.01355,-3.96
0.01356,-3.96
0.01357,-3.96
0.01358,-3.96
0.01359,-3.96
0.0136,-3.96
0.01361,-3.96
0.01362,-3.96
0.01363,-3.96
0.01364,-3.96
0.01365,-3.96
0.01366,-3.96
0.01367,-3.96
0.01368,-3.96
0.01369,-3.96
0.0137,-3.96
0.01371,-4.0
0.01372,-3.96
0.01373,-3.96
0.01374,-3.96
0.01375,-3.96
0.01376,-3.96
0.01377,-3.96
0.01378,-3.96
0.01379,-3.96
0.0138,-3.96
0.01381,-3.96
0.01382,-3.96
0.01383,-3.96
0.01384,-3.96
0.01385,-3.96
0.01386,-3.96
0.01387,-3.96
0.01388,-3.96
0.01389,-3.96
0.0139,-3.96
0.01391,-3.96
0.01392,-3.96
0.01393,-3.96
0.01394,-3.96
0.01395,-3.96
0.01396,-3.96
0.01397,-3.96
0.01398,-3.96
0.01399,-3.96
0.014,-3.96
0.01401,-3.96
0.01402,-3.96
0.01403,-3.96
0.01404,-3.96
0.01405,-3.96
0.01406,-3.96
0.01407,-3.96
0.01408,-3.96
0.01409,-3.96
0.0141,-3.96
0.01411,-3.96
0.01412,-3.96
0.01413,-3.96
0.01414,-3.96
0.01415,-3.96
0.01416,-3.96
0.01417,-3.96
0.01418,-3.96
0.01419,-3.96
0.0142,-3.96
0.01421,-3.96
0.01422,-4.0
0.01423,-3.96
0.01424,-3.96
0.01425,-3.96
0.01426,-3.96
0.01427,-3.96
0.01428,-3.96
0.01429,-3.96
0.0143,-3.96
0.01431,-3.96
0.01432,-3.96
0.01433,-3.96
0.01434,-3.96
0.01435,-3.96
0.01436,-3.96
0.01437,-3.96
0.01438,-3.96
0.01439,-3.96
0.0144,-3.96
0.01441,-3.96
0.01442,-3.96
0.01443,-3.96
0.01444,-3.96
0.01445,-3.96
0.01446,-3.96
0.01447,-3.96
0.01448,-3.96
0.01449,-3.96
0.0145,-3.96
0.01451,-3.96
0.01452,-3.96
0.01453,-3.96
0.01454,-3.96
0.01455,-3.96
0.01456,-3.96
0.01457,-3.96
0.01458,-3.96
0.01459,-3.96
0.0146,-3.96
0.01461,-3.96
0.01462,-3.96
0.01463,-3.96
0.01464,-3.96
0.01465,-3.96
0.01466,-3.96
0.01467,-3.96
0.01468,-3.96
0.01469,-3.96
0.0147,-3.96
0.01471,-3.96
0.01472,-3.96
0.01473,-3.96
0.01474,-3.96
0.01475,-3.96
0.01476,-3.96
0.01477,-3.96
0.01478,-3.96
0.01479,-3.96
0.0148,-3.96
0.01481,-3.96
0.01482,-3.96
0.01483,-3.96
0.01484,-3.96
0.01485,-3.96
0.01486,-3.96
0.01487,-3.96
0.01488,-3.96
0.01489,-3.96
0.0149,-3.96
0.01491,-3.96
0.01492,-3.96
0.01493,-3.96
0.01494,-3.96
0.01495,-3.96
0.01496,-3.96
0.01497,-3.96
0.01498,-3.96
0.01499,-3.96
0.015,-3.96
0.01501,-3.96
0.01502,-3.96
0.01503,-3.96
0.01504,-3.96
0.01505,-3.96
0.01506,-3.96
0.01507,-3.96
0.01508,-3.96
0.01509,-3.96
0.0151,-3.96
0.01511,-3.96
0.01512,-3.96
0.01513,-3.96
0.01514,-3.96
0.01515,-3.96
0.01516,-3.96
0.01517,-3.96
0.01518,-3.96
0.01519,-3.96
0.0152,-3.96
0.01521,-3.96
0.01522,-3.96
0.01523,-3.96
0.01524,-3.96
0.01525,-3.96
0.01526,-3.96
0.01527,-3.96
0.01528,-3.96
0.01529,-3.96
0.0153,-3.96
0.01531,-3.96
0.01532,-3.96
0.01533,-3.96
0.01534,-3.96
0.01535,-4.0
0.01536,-3.96
0.01537,-4.0
0.01538,-3.96
0.01539,-4.0
0.0154,-3.96
0.01541,-3.96
0.01542,-3.96
0.01543,-3.96
0.01544,-3.96
0.01545,-3.96
0.01546,-3.96
0.01547,-3.96
0.01548,-3.96
0.01549,-3.96
0.0155,-3.96
0.01551,-4.0
0.01552,-3.96
0.01553,-4.0
0.01554,-3.96
0.01555,-3.96
0.01556,-3.96
0.01557,-3.96
0.01558,-3.96
0.01559,-3.96
0.0156,-3.96
0.01561,-3.96
0.01562,-3.96
0.01563,-3.96
0.01564,-3.96
0.01565,-3.96
0.01566,-3.96
0.01567,-3.96
0.01568,-3.96
0.01569,-3.96
0.0157,-3.96
0.01571,-3.96
0.01572,-3.96
0.01573,-3.96
0.01574,-3.96
0.01575,-3.96
0.01576,-3.96
0.01577,-3.96
0.01578,-3.96
0.01579,-3.96
0.0158,-3.96
0.01581,-3.96
0.01582,-3.96
0.01583,-3.96
0.01584,-3.96
0.01585,-3.96
0.01586,-3.96
0.01587,-3.96
0.01588,-3.96
0.01589,-3.96
0.0159,-3.96
0.01591,-3.96
0.01592,-3.96
0.01593,-3.96
0.01594,-3.96
0.01595,-3.96
0.01596,-3.96
0.01597,-3.96
0.01598,-3.96
0.01599,-3.96
0.016,-3.96
0.01601,-3.96
0.01602,-3.96
0.01603,-3.96
0.01604,-3.96
0.01605,-3.96
0.01606,-3.96
0.01607,-3.96
0.01608,-3.96
0.01609,-3.96
0.0161,-3.96
0.01611,-3.96
0.01612,-3.96
0.01613,-3.96
0.01614,-3.96
0.01615,-3.96
0.01616,-3.96
0.01617,-3.96
0.01618,-3.96
0.01619,-3.96
0.0162,-4.0
0.01621,-3.96
0.01622,-3.96
0.01623,-3.96
0.01624,-4.0
0.01625,-3.96
0.01626,-3.96
0.01627,-4.0
0.01628,-3.96
0.01629,-3.96
0.0163,-3.96
0.01631,-3.96
0.01632,-3.96
0.01633,-3.96
0.01634,-3.96
0.01635,-3.96
0.01636,-3.96
0.01637,-3.96
0.01638,-3.96
0.01639,-3.96
0.0164,-3.96
0.01641,-3.96
0.01642,-3.96
0.01643,-3.96
0.01644,-3.96
0.01645,-4.0
0.01646,-3.96
0.01647,-3.96
0.01648,-4.0
0.01649,-3.96
0.0165,-3.96
0.01651,-3.96
0.01652,-3.96
0.01653,-3.96
0.01654,-4.0
0.01655,-3.96
0.01656,-3.96
0.01657,-3.96
0.01658,-3.96
0.01659,-3.96
0.0166,-3.96
0.01661,-3.96
0.01662,-3.96
0.01663,-3.96
0.01664,-3.96
0.01665,-3.96
0.01666,-3.96
0.01667,-3.96
0.01668,-3.96
0.01669,-3.96
0.0167,-3.96
0.01671,-3.96
0.01672,-3.96
0.01673,-3.96
0.01674,-3.96
0.01675,-3.96
0.01676,-3.96
0.01677,-3.96
0.01678,-3.96
0.01679,-3.96
0.0168,-3.96
0.01681,-3.96
0.01682,-3.96
0.01683,-3.96
0.01684,-3.96
0.01685,-3.96
0.01686,-3.96
0.01687,-3.96
0.01688,-3.96
0.01689,-3.96
0.0169,-3.96
0.01691,-3.96
0.01692,-3.96
0.01693,-3.96
0.01694,-3.96
0.01695,-3.96
0.01696,-3.96
0.01697,-4.0
0.01698,-3.96
0.01699,-3.96
0.017,-3.96
0.01701,-3.96
0.01702,-3.96
0.01703,-3.96
0.01704,-3.96
0.01705,-3.96
0.01706,-3.96
0.01707,-3.96
0.01708,-4.0
0.01709,-3.96
0.0171,-3.96
0.01711,-3.96
0.01712,-3.96
0.01713,-3.96
0.01714,-3.96
0.01715,-3.96
0.01716,-4.0
0.01717,-3.96
0.01718,-3.96
0.01719,-3.96
0.0172,-3.96
0.01721,-3.96
0.01722,-3.96
0.01723,-3.96
0.01724,-3.96
0.01725,-3.96
0.01726,-3.96
0.01727,-4.0
0.01728,-3.96
0.01729,-3.96
0.0173,-3.96
0.01731,-4.0
0.01732,-4.0
0.01733,-3.96
0.01734,-3.96
0.01735,-3.96
0.01736,-4.0
0.01737,-3.96
0.01738,-3.96
0.01739,-3.96
0.0174,-4.0
0.01741,-4.0
0.01742,-3.96
0.01743,-3.96
0.01744,-3.96
0.01745,-3.96
0.01746,-3.96
0.01747,-4.0
0.01748,-4.0
0.01749,-4.0
0.0175,-3.96
0.01751,-3.96
0.01752,-3.96
0.01753,-3.96
0.01754,-3.96
0.01755,-4.0
0.01756,-3.96
0.01757,-3.96
0.01758,-3.96
0.01759,-3.96
0.0176,-4.0
0.01761,-4.0
0.01762,-3.96
0.01763,-4.0
0.01764,-3.96
0.01765,-3.96
0.01766,-3.96
0.01767,-3.96
0.01768,-4.0
0.01769,-3.96
0.0177,-3.96
0.01771,-3.96
0.01772,-4.0
0.01773,-3.96
0.01774,-3.96
0.01775,-3.96
0.01776,-3.96
0.01777,-3.96
0.01778,-3.96
0.01779,-3.96
0.0178,-3.96
0.01781,-3.96
0.01782,-4.0
0.01783,-3.96
0.01784,-4.0
0.01785,-3.96
0.01786,-3.96
0.01787,-3.96
0.01788,-4.0
0.01789,-3.96
0.0179,-3.96
0.01791,-3.96
0.01792,-3.96
0.01793,-3.96
0.01794,-3.96
0.01795,-3.96
0.01796,-3.96
0.01797,-3.96
0.01798,-3.96
0.01799,-3.96
0.018,-4.0
0.01801,-3.96
0.01802,-3.96
0.01803,-4.0
0.01804,-4.0
0.01805,-3.96
0.01806,-3.96
0.01807,-3.96
0.01808,-3.96
0.01809,-3.96
0.0181,-3.96
0.01811,-3.96
0.01812,-3.96
0.01813,-3.96
0.01814,-4.0
0.01815,-3.96
0.01816,-3.96
0.01817,-3.96
0.01818,-3.96
0.01819,-3.96
0.0182,-3.96
0.01821,-3.96
0.01822,-3.96
0.01823,-4.0
0.01824,-3.96
0.01825,-3.96
0.01826,-3.96
0.01827,-3.96
0.01828,-3.96
0.01829,-3.96
0.0183,-3.96
0.01831,-3.96
0.01832,-3.96
0.01833,-3.96
0.01834,-4.0
0.01835,-4.0
0.01836,-4.0
0.01837,-3.96
0.01838,-3.96
0.01839,-3.96
0.0184,-3.96
0.01841,-3.96
0.01842,-3.96
0.01843,-3.96
0.01844,-3.96
0.01845,-3.96
0.01846,-3.96
0.01847,-3.96
0.01848,-4.0
0.01849,-3.96
0.0185,-3.96
0.01851,-3.96
0.01852,-3.96
0.01853,-3.96
0.01854,-3.96
0.01855,-4.0
0.01856,-4.0
0.01857,-3.96
0.01858,-3.96
0.01859,-3.96
0.0186,-3.96
0.01861,-4.0
0.01862,-3.96
0.01863,-3.96
0.01864,-3.96
0.01865,-3.96
0.01866,-3.96
0.01867,-3.96
0.01868,-3.96
0.01869,-3.96
0.0187,-3.96
0.01871,-3.96
0.01872,-3.96
0.01873,-4.0
0.01874,-3.96
0.01875,-4.0
0.01876,-3.96
0.01877,-3.96
0.01878,-4.0
0.01879,-3.96
0.0188,-3.96
0.01881,-3.96
0.01882,-4.0
0.01883,-3.96
0.01884,-3.96
0.01885,-3.96
0.01886,-3.96
0.01887,-3.96
0.01888,-3.96
0.01889,-3.96
0.0189,-3.96
0.01891,-3.96
0.01892,-3.96
0.01893,-3.96
0.01894,-4.0
0.01895,-3.96
0.01896,-3.96
0.01897,-4.0
0.01898,-3.96
0.01899,-4.0
0.019,-4.0
0.01901,-3.96
0.01902,-3.96
0.01903,-3.96
0.01904,-3.96
0.01905,-3.96
0.01906,-3.96
0.01907,-3.96
0.01908,-3.96
0.01909,-4.0
0.0191,-3.96
0.01911,-3.96
0.01912,-3.96
0.01913,-3.96
0.01914,-3.96
0.01915,-3.96
0.01916,-3.96
0.01917,-3.96
0.01918,-3.96
0.01919,-4.0
0.0192,-3.96
0.01921,-3.96
0.01922,-3.96
0.01923,-3.96
0.01924,-3.96
0.01925,-3.96
0.01926,-3.96
0.01927,-3.96
0.01928,-3.96
0.01929,-3.96
0.0193,-3.96
0.01931,-4.0
0.01932,-3.96
0.01933,-3.96
0.01934,-3.96
0.01935,-3.96
0.01936,-3.96
0.01937,-4.0
0.01938,-3.96
0.01939,-3.96
0.0194,-3.96
0.01941,-3.96
0.01942,-4.0
0.01943,-3.96
0.01944,-3.96
0.01945,-3.96
0.01946,-3.96
0.01947,-3.96
0.01948,-3.96
0.01949,-3.96
0.0195,-3.96
0.01951,-3.96
0.01952,-3.96
0.01953,-3.96
0.01954,-3.96
0.01955,-3.96
0.01956,-3.96
0.01957,-4.0
0.01958,-3.96
0.01959,-3.96
0.0196,-3.96
0.01961,-3.96
0.01962,-3.96
0.01963,-3.96
0.01964,-3.96
0.01965,-3.96
0.01966,-3.96
0.01967,-3.96
0.01968,-3.96
0.01969,-4.0
0.0197,-4.0
0.01971,-3.96
0.01972,-3.96
0.01973,-3.96
0.01974,-4.0
0.01975,-4.0
0.01976,-3.96
0.01977,-3.96
0.01978,-3.96
0.01979,-3.96
0.0198,-3.96
0.01981,-4.0
0.01982,-3.96
0.01983,-3.96
0.01984,-3.96
0.01985,-3.96
0.01986,-3.96
0.01987,-3.96
0.01988,-3.96
0.01989,-4.0
0.0199,-4.0
0.01991,-4.0
0.01992,-3.96
0.01993,-3.96
0.01994,-4.0
0.01995,-4.0
0.01996,-4.0
0.01997,-3.96
0.01998,-3.96
0.01999,-3.96
0.02,-3.96
0.02001,-3.96
0.02002,-4.0
0.02003,-3.96
0.02004,-3.96
0.02005,-4.0
0.02006,-4.0
0.02007,-3.96
0.02008,-3.96
0.02009,-3.96
0.0201,-3.96
0.02011,-3.96
0.02012,-4.0
0.02013,-3.96
0.02014,-3.96
0.02015,-3.96
0.02016,-3.96
0.02017,-3.96
0.02018,-3.96
0.02019,-3.96
0.0202,-3.96
0.02021,-3.96
0.02022,-3.96
0.02023,-3.96
0.02024,-3.96
0.02025,-3.96
0.02026,-3.96
0.02027,-3.96
0.02028,-3.96
0.02029,-3.96
0.0203,-3.96
0.02031,-3.96
0.02032,-3.96
0.02033,-3.96
0.02034,-3.96
0.02035,-3.96
0.02036,-4.0
0.02037,-3.96
0.02038,-3.96
0.02039,-3.96
0.0204,-3.96
0.02041,-3.96
0.02042,-3.96
0.02043,-3.96
0.02044,-3.96
0.02045,-3.96
0.02046,-3.96
0.02047,-3.96
0.02048,-3.96
0.02049,-3.96
0.0205,-3.96
0.02051,-3.96
0.02052,-3.96
0.02053,-3.96
0.02054,-3.96
0.02055,-3.96
0.02056,-3.96
0.02057,-3.96
0.02058,-3.96
0.02059,-3.96
0.0206,-3.96
0.02061,-3.96
0.02062,-3.96
0.02063,-3.96
0.02064,-3.96
0.02065,-3.96
0.02066,-3.96
0.02067,-3.96
0.02068,-3.96
0.02069,-3.96
0.0207,-4.0
0.02071,-3.96
0.02072,-3.96
0.02073,-3.96
0.02074,-4.0
0.02075,-3.96
0.02076,-3.96
0.02077,-3.96
0.02078,-3.96
0.02079,-3.96
0.0208,-3.96
0.02081,-3.96
0.02082,-3.96
0.02083,-3.96
0.02084,-3.96
0.02085,-3.96
0.02086,-3.96
0.02087,-3.96
0.02088,-3.96
0.02089,-3.96
0.0209,-3.96
0.02091,-3.96
0.02092,-3.96
0.02093,-3.96
0.02094,-3.96
0.02095,-3.96
0.02096,-3.96
0.02097,-3.96
0.02098,-3.96
0.02099,-3.96
0.021,-3.96
0.02101,-3.96
0.02102,-3.96
0.02103,-3.96
0.02104,-3.96
0.02105,-3.96
0.02106,-3.96
0.02107,-3.96
0.02108,-3.96
0.02109,-3.96
0.0211,-3.96
0.02111,-4.0
0.02112,-3.96
0.02113,-3.96
0.02114,-3.96
0.02115,-3.96
0.02116,-3.96
0.02117,-3.96
0.02118,-3.96
0.02119,-3.96
0.0212,-3.96
0.02121,-3.96
0.02122,-3.96
0.02123,-3.96
0.02124,-4.0
0.02125,-3.96
0.02126,-3.96
0.02127,-3.96
0.02128,-3.96
0.02129,-3.96
0.0213,-3.96
0.02131,-3.96
0.02132,-3.96
0.02133,-3.96
0.02134,-3.96
0.02135,-3.96
0.02136,-3.96
0.02137,-3.96
0.02138,-3.96
0.02139,-3.96
0.0214,-3.96
0.02141,-3.96
0.02142,-4.0
0.02143,-4.0
0.02144,-3.96
0.02145,-4.0
0.02146,-3.96
0.02147,-4.0
0.02148,-3.96
0.02149,-3.96
0.0215,-3.96
0.02151,-3.96
0.02152,-3.96
0.02153,-3.96
0.02154,-3.96
0.02155,-3.96
0.02156,-3.96
0.02157,-3.96
0.02158,-3.96
0.02159,-3.96
0.0216,-3.96
0.02161,-3.96
0.02162,-3.96
0.02163,-3.96
0.02164,-3.96
0.02165,-3.96
0.02166,-3.96
0.02167,-3.96
0.02168,-3.96
0.02169,-3.96
0.0217,-3.96
0.02171,-3.96
0.02172,-3.96
0.02173,-3.96
0.02174,-3.96
0.02175,-3.96
0.02176,-3.96
0.02177,-3.96
0.02178,-3.96
0.02179,-3.96
0.0218,-3.96
0.02181,-3.96
0.02182,-3.96
0.02183,-3.96
0.02184,-3.96
0.02185,-3.96
0.02186,-3.96
0.02187,-3.96
0.02188,-3.96
0.02189,-3.96
0.0219,-3.96
0.02191,-3.96
0.02192,-3.96
0.02193,-3.96
0.02194,-3.96
0.02195,-3.96
0.02196,-3.96
0.02197,-3.96
0.02198,-3.96
0.02199,-4.0
0.022,-3.96
0.02201,-3.96
0.02202,-3.96
0.02203,-3.96
0.02204,-3.96
0.02205,-3.96
0.02206,-3.96
0.02207,-3.96
0.02208,-3.96
0.02209,-3.96
0.0221,-3.96
0.02211,-3.96
0.02212,-3.96
0.02213,-3.96
0.02214,-3.96
0.02215,-3.96
0.02216,-3.96
0.02217,-3.96
0.02218,-4.0
0.02219,-3.96
0.0222,-3.96
0.02221,-3.96
0.02222,-3.96
0.02223,-4.0
0.02224,-3.96
0.02225,-3.96
0.02226,-3.96
0.02227,-3.96
0.02228,-3.96
0.02229,-3.96
0.0223,-3.96
0.02231,-3.96
0.02232,-3.96
0.02233,-3.96
0.02234,-3.96
0.02235,-3.96
0.02236,-3.96
0.02237,-3.96
0.02238,-4.0
0.02239,-3.96
0.0224,-4.0
0.02241,-4.0
0.02242,-3.96
0.02243,-3.96
0.02244,-3.96
0.02245,-3.96
0.02246,-3.96
0.02247,-3.96
0.02248,-3.96
0.02249,-3.96
